Week,Date,Time,Road Team,Home Team,Stadium,NOTE
1,8-Sep,8:20 PM,BUF,LAR,SoFi Stadium,
1,11-Sep,1:00 PM,NO,ATL,Mercedes-Benz Stadium,
1,11-Sep,1:00 PM,CLE,CAR,Bank of America Stadium,
1,11-Sep,1:00 PM,SF,CHI,Soldier Field,
1,11-Sep,1:00 PM,PIT,CIN,Paul Brown Stadium,
1,11-Sep,1:00 PM,PHI,DET,Ford Field,
1,11-Sep,1:00 PM,IND,HOU,NRG Stadium,
1,11-Sep,1:00 PM,NE,MIA,Hard Rock Stadium,
1,11-Sep,1:00 PM,BAL,NYJ,MetLife Stadium,
1,11-Sep,1:00 PM,JAC,WAS,FedExField,
1,11-Sep,4:25 PM,KC,ARI,State Farm Stadium,
1,11-Sep,4:25 PM,GB,MIN,U.S. Bank Stadium,
1,11-Sep,4:25 PM,NYG,TEN,Nissan Stadium,
1,11-Sep,4:25 PM,LV,LAC,SoFi Stadium,
1,11-Sep,8:20 PM,TB,DAL,AT&T Stadium,
1,12-Sep,8:20 PM,DEN,SEA,Lumen Field,
2,15-Sep,8:15 PM,LAC,KC,GEHA Field at Arrowhead Stadium,
2,18-Sep,1:00 PM,NYJ,CLE,FirstEnergy Stadium,
2,18-Sep,1:00 PM,WAS,DET,Ford Field,
2,18-Sep,1:00 PM,IND,JAC,TIAA Bank Field,
2,18-Sep,1:00 PM,TB,NO,Caesars Superdome,
2,18-Sep,1:00 PM,CAR,NYG,MetLife Stadium,
2,18-Sep,1:00 PM,NE,PIT,Heinz Field,
2,18-Sep,1:00 PM,MIA,BAL,M&T Bank Stadium,
2,18-Sep,4:05 PM,ATL,LAR,SoFi Stadium,
2,18-Sep,4:05 PM,SEA,SF,Levi's Stadium,
2,18-Sep,4:25 PM,CIN,DAL,AT&T Stadium,
2,18-Sep,4:25 PM,HOU,DEN,Empower Field at Mile High,
2,18-Sep,4:25 PM,ARI,LV,Allegiant Stadium,
2,18-Sep,8:20 PM,CHI,GB,Lambeau Field,
2,19-Sep,7:15 PM,TEN,BUF,Highmark Stadium,
2,19-Sep,8:30 PM,MIN,PHI,Lincoln Financial Field,
3,22-Sep,8:15 PM,PIT,CLE,FirstEnergy Stadium,
3,25-Sep,1:00 PM,NO,CAR,Bank of America Stadium,
3,25-Sep,1:00 PM,HOU,CHI,Soldier Field,
3,25-Sep,1:00 PM,KC,IND,Lucas Oil Stadium,
3,25-Sep,1:00 PM,BUF,MIA,Hard Rock Stadium,
3,25-Sep,1:00 PM,DET,MIN,U.S. Bank Stadium,
3,25-Sep,1:00 PM,BAL,NE,Gillette Stadium,
3,25-Sep,1:00 PM,CIN,NYJ,MetLife Stadium,
3,25-Sep,1:00 PM,LV,TEN,Nissan Stadium,
3,25-Sep,1:00 PM,PHI,WAS,FedExField,
3,25-Sep,4:05 PM,JAC,LAC,SoFi Stadium,
3,25-Sep,4:25 PM,LAR,ARI,State Farm Stadium,
3,25-Sep,4:25 PM,ATL,SEA,Lumen Field,
3,25-Sep,4:25 PM,GB,TB,Raymond James Stadium,
3,25-Sep,8:20 PM,SF,DEN,Empower Field at Mile High,
3,26-Sep,8:15 PM,DAL,NYG,MetLife Stadium,
4,29-Sep,8:15 PM,MIA,CIN,Paul Brown Stadium,
4,2-Oct,9:30 AM,MIN,NO,"Tottenham Hotspur Stadium, London",NFL International Series
4,2-Oct,1:00 PM,CLE,ATL,Mercedes-Benz Stadium,
4,2-Oct,1:00 PM,TEN,IND,Lucas Oil Stadium,
4,2-Oct,1:00 PM,WAS,DAL,AT&T Stadium,
4,2-Oct,1:00 PM,SEA,DET,Ford Field,
4,2-Oct,1:00 PM,LAC,HOU,NRG Stadium,
4,2-Oct,1:00 PM,CHI,NYG,MetLife Stadium,
4,2-Oct,1:00 PM,JAC,PHI,Lincoln Financial Field,
4,2-Oct,1:00 PM,NYJ,PIT,Heinz Field,
4,2-Oct,1:00 PM,BUF,BAL,M&T Bank Stadium,
4,2-Oct,4:05 PM,ARI,CAR,Bank of America Stadium,
4,2-Oct,4:25 PM,NE,GB,Lambeau Field,
4,2-Oct,4:25 PM,DEN,LV,Allegiant Stadium,
4,2-Oct,8:20 PM,KC,TB,Raymond James Stadium,
4,3-Oct,8:15 PM,LAR,SF,Levi's Stadium,
5,6-Oct,8:15 PM,IND,DEN,Empower Field at Mile High,
5,9-Oct,9:30 AM,NYG,GB,"Tottenham Hotspur Stadium, London",NFL International Series
5,9-Oct,1:00 PM,PIT,BUF,Highmark Stadium,
5,9-Oct,1:00 PM,LAC,CLE,FirstEnergy Stadium,
5,9-Oct,1:00 PM,HOU,JAC,TIAA Bank Field,
5,9-Oct,1:00 PM,CHI,MIN,U.S. Bank Stadium,
5,9-Oct,1:00 PM,SEA,NO,Caesars Superdome,
5,9-Oct,1:00 PM,DET,NE,Gillette Stadium,
5,9-Oct,1:00 PM,MIA,NYJ,MetLife Stadium,
5,9-Oct,1:00 PM,ATL,TB,Raymond James Stadium,
5,9-Oct,1:00 PM,TEN,WAS,FedExField,
5,9-Oct,4:05 PM,SF,CAR,Bank of America Stadium,
5,9-Oct,4:25 PM,PHI,ARI,State Farm Stadium,
5,9-Oct,4:25 PM,DAL,LAR,SoFi Stadium,
5,9-Oct,8:20 PM,CIN,BAL,M&T Bank Stadium,
5,10-Oct,8:15 PM,LV,KC,GEHA Field at Arrowhead Stadium,
6,13-Oct,8:15 PM,WAS,CHI,Soldier Field,
6,16-Oct,1:00 PM,SF,ATL,Mercedes-Benz Stadium,
6,16-Oct,1:00 PM,NE,CLE,FirstEnergy Stadium,
6,16-Oct,1:00 PM,JAC,IND,Lucas Oil Stadium,
6,16-Oct,1:00 PM,NYJ,GB,Lambeau Field,
6,16-Oct,1:00 PM,MIN,MIA,Hard Rock Stadium,
6,16-Oct,1:00 PM,CIN,NO,Caesars Superdome,
6,16-Oct,1:00 PM,BAL,NYG,MetLife Stadium,
6,16-Oct,1:00 PM,TB,PIT,Heinz Field,
6,16-Oct,4:05 PM,CAR,LAR,SoFi Stadium,
6,16-Oct,4:05 PM,ARI,SEA,Lumen Field,
6,16-Oct,4:25 PM,BUF,KC,GEHA Field at Arrowhead Stadium,
6,16-Oct,8:20 PM,DAL,PHI,Lincoln Financial Field,
6,17-Oct,8:15 PM,DEN,LAC,SoFi Stadium,
7,20-Oct,8:15 PM,NO,ARI,State Farm Stadium,
7,23-Oct,1:00 PM,TB,CAR,Bank of America Stadium,
7,23-Oct,1:00 PM,ATL,CIN,Paul Brown Stadium,
7,23-Oct,1:00 PM,DET,DAL,AT&T Stadium,
7,23-Oct,1:00 PM,NYG,JAC,TIAA Bank Field,
7,23-Oct,1:00 PM,IND,TEN,Nissan Stadium,
7,23-Oct,1:00 PM,CLE,BAL,M&T Bank Stadium,
7,23-Oct,1:00 PM,GB,WAS,FedExField,
7,23-Oct,4:05 PM,NYJ,DEN,Empower Field at Mile High,
7,23-Oct,4:05 PM,HOU,LV,Allegiant Stadium,
7,23-Oct,4:25 PM,SEA,LAC,SoFi Stadium,
7,23-Oct,4:25 PM,KC,SF,Levi's Stadium,
7,23-Oct,8:20 PM,PIT,MIA,Hard Rock Stadium,
7,24-Oct,8:15 PM,CHI,NE,Gillette Stadium,
8,27-Oct,8:15 PM,BAL,TB,Raymond James Stadium,
8,30-Oct,9:30 AM,DEN,JAC,"Wembley Stadium, London",NFL International Series
8,30-Oct,1:00 PM,CAR,ATL,Mercedes-Benz Stadium,
8,30-Oct,1:00 PM,CHI,DAL,AT&T Stadium,
8,30-Oct,1:00 PM,MIA,DET,Ford Field,
8,30-Oct,1:00 PM,ARI,MIN,U.S. Bank Stadium,
8,30-Oct,1:00 PM,LV,NO,Caesars Superdome,
8,30-Oct,1:00 PM,NE,NYJ,MetLife Stadium,
8,30-Oct,1:00 PM,PIT,PHI,Lincoln Financial Field,
8,30-Oct,4:05 PM,TEN,HOU,NRG Stadium,
8,30-Oct,4:25 PM,WAS,IND,Lucas Oil Stadium,
8,30-Oct,4:25 PM,SF,LAR,SoFi Stadium,
8,30-Oct,4:25 PM,NYG,SEA,Lumen Field,
8,30-Oct,8:20 PM,GB,BUF,Highmark Stadium,
8,31-Oct,8:15 PM,CIN,CLE,FirstEnergy Stadium,
9,3-Nov,8:15 PM,PHI,HOU,NRG Stadium,
9,6-Nov,1:00 PM,LAC,ATL,Mercedes-Benz Stadium,
9,6-Nov,1:00 PM,MIA,CHI,Soldier Field,
9,6-Nov,1:00 PM,CAR,CIN,Paul Brown Stadium,
9,6-Nov,1:00 PM,GB,DET,Ford Field,
9,6-Nov,1:00 PM,LV,JAC,TIAA Bank Field,
9,6-Nov,1:00 PM,IND,NE,Gillette Stadium,
9,6-Nov,1:00 PM,BUF,NYJ,MetLife Stadium,
9,6-Nov,1:00 PM,MIN,WAS,FedExField,
9,6-Nov,4:05 PM,SEA,ARI,State Farm Stadium,
9,6-Nov,4:25 PM,LAR,TB,Raymond James Stadium,
9,6-Nov,8:20 PM,TEN,KC,GEHA Field at Arrowhead Stadium,
9,7-Nov,8:15 PM,BAL,NO,Caesars Superdome,
10,10-Nov,8:15 PM,ATL,CAR,Bank of America Stadium,
10,13-Nov,9:30 AM,SEA,TB,"Allianz Arena, Munich",NFL International Series
10,13-Nov,1:00 PM,MIN,BUF,Highmark Stadium,
10,13-Nov,1:00 PM,DET,CHI,Soldier Field,
10,13-Nov,1:00 PM,JAC,KC,GEHA Field at Arrowhead Stadium,
10,13-Nov,1:00 PM,CLE,MIA,Hard Rock Stadium,
10,13-Nov,1:00 PM,HOU,NYG,MetLife Stadium,
10,13-Nov,1:00 PM,DEN,TEN,Nissan Stadium,
10,13-Nov,1:00 PM,NO,PIT,Heinz Field,
10,13-Nov,4:05 PM,IND,LV,Allegiant Stadium,
10,13-Nov,4:25 PM,DAL,GB,Lambeau Field,
10,13-Nov,4:25 PM,ARI,LAR,SoFi Stadium,
10,13-Nov,8:20 PM,LAC,SF,Levi's Stadium,
10,14-Nov,8:15 PM,WAS,PHI,Lincoln Financial Field,
11,17-Nov,8:15 PM,TEN,GB,Lambeau Field,
11,20-Nov,1:00 PM,CHI,ATL,Mercedes-Benz Stadium,
11,20-Nov,1:00 PM,CLE,BUF,Highmark Stadium,
11,20-Nov,1:00 PM,PHI,IND,Lucas Oil Stadium,
11,20-Nov,1:00 PM,WAS,HOU,NRG Stadium,
11,20-Nov,1:00 PM,LAR,NO,Caesars Superdome,
11,20-Nov,1:00 PM,NYJ,NE,Gillette Stadium,
11,20-Nov,1:00 PM,DET,NYG,MetLife Stadium,
11,20-Nov,1:00 PM,CAR,BAL,M&T Bank Stadium,
11,20-Nov,4:05 PM,LV,DEN,Empower Field at Mile High,
11,20-Nov,4:25 PM,DAL,MIN,U.S. Bank Stadium,
11,20-Nov,4:25 PM,KC,LAC,SoFi Stadium,
11,20-Nov,8:20 PM,CIN,PIT,Heinz Field,
11,21-Nov,8:15 PM,SF,ARI,State Farm Stadium,
12,24-Nov,12:30 PM,BUF,DET,Ford Field,
12,24-Nov,4:30 PM,NYG,DAL,AT&T Stadium,
12,24-Nov,8:20 PM,NE,MIN,U.S. Bank Stadium,
12,27-Nov,1:00 PM,DEN,CAR,Bank of America Stadium,
12,27-Nov,1:00 PM,TB,CLE,FirstEnergy Stadium,
12,27-Nov,1:00 PM,BAL,JAC,TIAA Bank Field,
12,27-Nov,1:00 PM,HOU,MIA,Hard Rock Stadium,
12,27-Nov,1:00 PM,CHI,NYJ,MetLife Stadium,
12,27-Nov,1:00 PM,CIN,TEN,Nissan Stadium,
12,27-Nov,1:00 PM,ATL,WAS,FedExField,
12,27-Nov,4:05 PM,LAC,ARI,State Farm Stadium,
12,27-Nov,4:05 PM,LV,SEA,Lumen Field,
12,27-Nov,4:25 PM,LAR,KC,GEHA Field at Arrowhead Stadium,
12,27-Nov,4:25 PM,NO,SF,Levi's Stadium,
12,27-Nov,8:20 PM,GB,PHI,Lincoln Financial Field,
12,28-Nov,8:15 PM,PIT,IND,Lucas Oil Stadium,
13,1-Dec,8:15 PM,BUF,NE,Gillette Stadium,
13,4-Dec,1:00 PM,PIT,ATL,Mercedes-Benz Stadium,
13,4-Dec,1:00 PM,GB,CHI,Soldier Field,
13,4-Dec,1:00 PM,JAC,DET,Ford Field,
13,4-Dec,1:00 PM,CLE,HOU,NRG Stadium,
13,4-Dec,1:00 PM,NYJ,MIN,U.S. Bank Stadium,
13,4-Dec,1:00 PM,WAS,NYG,MetLife Stadium,
13,4-Dec,1:00 PM,TEN,PHI,Lincoln Financial Field,
13,4-Dec,1:00 PM,DEN,BAL,M&T Bank Stadium,
13,4-Dec,4:05 PM,SEA,LAR,SoFi Stadium,
13,4-Dec,4:05 PM,MIA,SF,Levi's Stadium,
13,4-Dec,4:25 PM,KC,CIN,Paul Brown Stadium,
13,4-Dec,4:25 PM,LAC,LV,Allegiant Stadium,
13,4-Dec,8:20 PM,IND,DAL,AT&T Stadium,
13,5-Dec,8:15 PM,NO,TB,Raymond James Stadium,
14,8-Dec,8:15 PM,LV,LAR,SoFi Stadium,
14,11-Dec,1:00 PM,NYJ,BUF,Highmark Stadium,
14,11-Dec,1:00 PM,CLE,CIN,Paul Brown Stadium,
14,11-Dec,1:00 PM,HOU,DAL,AT&T Stadium,
14,11-Dec,1:00 PM,MIN,DET,Ford Field,
14,11-Dec,1:00 PM,PHI,NYG,MetLife Stadium,
14,11-Dec,1:00 PM,JAC,TEN,Nissan Stadium,
14,11-Dec,1:00 PM,BAL,PIT,Heinz Field,
14,11-Dec,4:05 PM,MIA,LAC,SoFi Stadium,
14,11-Dec,4:25 PM,CAR,SEA,Lumen Field,
14,11-Dec,4:25 PM,TB,SF,Levi's Stadium,
14,11-Dec,8:20 PM,KC,DEN,Empower Field at Mile High,
14,12-Dec,8:15 PM,NE,ARI,State Farm Stadium,
15,15-Dec,8:15 PM,SF,SEA,Lumen Field,
15,18-Dec,1:00 PM,MIA,BUF,Highmark Stadium,
15,18-Dec,1:00 PM,PIT,CAR,Bank of America Stadium,
15,18-Dec,1:00 PM,PHI,CHI,Soldier Field,
15,18-Dec,1:00 PM,BAL,CLE,FirstEnergy Stadium,
15,18-Dec,1:00 PM,KC,HOU,NRG Stadium,
15,18-Dec,1:00 PM,DAL,JAC,TIAA Bank Field,
15,18-Dec,1:00 PM,IND,MIN,U.S. Bank Stadium,
15,18-Dec,1:00 PM,ATL,NO,Caesars Superdome,
15,18-Dec,1:00 PM,DET,NYJ,MetLife Stadium,
15,18-Dec,1:00 PM,NYG,WAS,FedExField,
15,18-Dec,4:05 PM,ARI,DEN,Empower Field at Mile High,
15,18-Dec,4:25 PM,TEN,LAC,SoFi Stadium,
15,18-Dec,4:25 PM,CIN,TB,Raymond James Stadium,
15,18-Dec,8:20 PM,NE,LV,Allegiant Stadium,
15,19-Dec,8:15 PM,LAR,GB,Lambeau Field,
16,22-Dec,8:15 PM,JAC,NYJ,MetLife Stadium,
16,24-Dec,1:00 PM,DET,CAR,Bank of America Stadium,
16,24-Dec,1:00 PM,BUF,CHI,Soldier Field,
16,24-Dec,1:00 PM,NO,CLE,FirstEnergy Stadium,
16,24-Dec,1:00 PM,SEA,KC,GEHA Field at Arrowhead Stadium,
16,24-Dec,1:00 PM,NYG,MIN,U.S. Bank Stadium,
16,24-Dec,1:00 PM,CIN,NE,Gillette Stadium,
16,24-Dec,1:00 PM,HOU,TEN,Nissan Stadium,
16,24-Dec,1:00 PM,ATL,BAL,M&T Bank Stadium,
16,24-Dec,4:05 PM,WAS,SF,Levi's Stadium,
16,24-Dec,4:25 PM,PHI,DAL,AT&T Stadium,
16,24-Dec,8:15 PM,LV,PIT,Heinz Field,
16,25-Dec,1:00 PM,GB,MIA,Hard Rock Stadium,
16,25-Dec,4:30 PM,DEN,LAR,SoFi Stadium,
16,25-Dec,8:20 PM,TB,ARI,State Farm Stadium,
16,26-Dec,8:15 PM,LAC,IND,Lucas Oil Stadium,
17,29-Dec,8:15 PM,DAL,TEN,Nissan Stadium,
17,1-Jan,1:00 PM,ARI,ATL,Mercedes-Benz Stadium,
17,1-Jan,1:00 PM,CHI,DET,Ford Field,
17,1-Jan,1:00 PM,JAC,HOU,NRG Stadium,
17,1-Jan,1:00 PM,DEN,KC,GEHA Field at Arrowhead Stadium,
17,1-Jan,1:00 PM,MIA,NE,Gillette Stadium,
17,1-Jan,1:00 PM,IND,NYG,MetLife Stadium,
17,1-Jan,1:00 PM,NO,PHI,Lincoln Financial Field,
17,1-Jan,1:00 PM,PIT,BAL,M&T Bank Stadium,
17,1-Jan,1:00 PM,CAR,TB,Raymond James Stadium,
17,1-Jan,1:00 PM,CLE,WAS,FedExField,
17,1-Jan,4:05 PM,SF,LV,Allegiant Stadium,
17,1-Jan,4:05 PM,NYJ,SEA,Lumen Field,
17,1-Jan,4:25 PM,MIN,GB,Lambeau Field,
17,1-Jan,8:20 PM,LAR,LAC,SoFi Stadium,
17,2-Jan,8:30 PM,BUF,CIN,Paul Brown Stadium,
18,8-Jan,1:00 PM,TB,ATL,Mercedes-Benz Stadium,
18,8-Jan,1:00 PM,NE,BUF,Highmark Stadium,
18,8-Jan,1:00 PM,MIN,CHI,Soldier Field,
18,8-Jan,1:00 PM,BAL,CIN,Paul Brown Stadium,
18,8-Jan,1:00 PM,HOU,IND,Lucas Oil Stadium,
18,8-Jan,1:00 PM,LAC,DEN,Empower Field at Mile High,
18,8-Jan,1:00 PM,DET,GB,Lambeau Field,
18,8-Jan,1:00 PM,TEN,JAC,TIAA Bank Field,
18,8-Jan,1:00 PM,NYJ,MIA,Hard Rock Stadium,
18,8-Jan,1:00 PM,CAR,NO,Caesars Superdome,
18,8-Jan,1:00 PM,NYG,PHI,Lincoln Financial Field,
18,8-Jan,1:00 PM,CLE,PIT,Heinz Field,
18,8-Jan,1:00 PM,KC,LV,Allegiant Stadium,
18,8-Jan,1:00 PM,LAR,SEA,Lumen Field,
18,8-Jan,1:00 PM,ARI,SF,Levi's Stadium,
18,8-Jan,1:00 PM,DAL,WAS,FedExField,
